ID,Country of Origin,Altitude,Region,Number of Bags,Bag Weight,Harvest Year,Grading Date,Processing Method,Aroma,Flavor,Aftertaste,Acidity,Body,Moisture Percentage,Balance,Overall,Total Cup Points (TO BE RECALCULATED),Category One Defects,Category Two Defects
0,Colombia,1700-1930,"Piendamo,Cauca",1,35 kg,2021 / 2022,"September 21st, 2022",Double Anaerobic Washed,8.58,8.5,8.42,8.58,8.25,11.8,8.42,8.58,89.33,0,3
1,Taiwan,1200,Chiayi,1,80 kg,2021 / 2022,"November 15th, 2022",Washed / Wet,8.5,8.5,7.92,8,7.92,10.5,8.25,8.5,87.58,0,0
2,Laos,1300,Laos Borofen Plateau,19,25 kg,2021 / 2022,"November 15th, 2022",Semi Washed,8.33,8.42,8.08,8.17,7.92,10.4,8.17,8.33,87.42,0,2
3,Costa Rica,1900,"Los Santos,Tarrazu",1,22 kg,2022,"September 21st, 2022",Washed / Wet,8.08,8.17,8.17,8.25,8.17,11.8,8.08,8.25,87.17,0,0
4,Colombia,1850-2100,"Popayan,Cauca",2,24 kg,2022,"March 6th, 2023","Honey,Mossto",8.33,8.33,8.08,8.25,7.92,11.6,7.92,8.25,87.08,0,2
5,Guatemala,1668,Chimaltenango,5,30 kg,2022,"November 15th, 2022",Washed / Wet,8.33,8.33,8.25,7.83,7.83,10.7,8.17,8.25,87,0,2
6,Taiwan,1250,Chiayi,1,27 kg,2021 / 2022,"November 15th, 2022",Washed / Wet,8.33,8.17,8.08,8,7.83,9.1,8.25,8.25,86.92,0,0
7,Taiwan,1200,Chiayi,1,90 kg,2021 / 2022,"November 15th, 2022",Natural / Dry,8.25,8.25,8.17,8,7.92,10,8.08,8.08,86.75,0,1
8,Taiwan,1250,Chiayi,1,30 kg,2021 / 2022,"November 15th, 2022",Washed / Wet,8.08,8.08,8.25,8.08,7.92,10.8,8,8.25,86.67,0,0
9,"Tanzania, United Republic Of",1400-1700,KILIMANJARO,320,60 kg,2022 / 2023,"February 1st, 2023",Washed / Wet,8.08,8.17,8.08,8.17,8,11,8,8,86.5,0,0
10,Ethiopia,1800-2200,Guji,10,30 kg,2021 / 2022,"May 31st, 2022",Natural / Dry,8.08,8.25,8,8.08,7.92,11.8,7.92,8,86.25,0,1
11,Guatemala,2000,Acatenango,5,15 kg,2021,"November 15th, 2022",Natural / Dry,8.08,8,8,7.75,8.25,11.5,8.17,8,86.25,0,1
12,Taiwan,1250,Yunlin,1,60 kg,2021 / 2022,"November 15th, 2022",Washed / Wet,8.08,8,8.08,8.08,8,11.9,8,8,86.25,0,0
13,Ethiopia,1900-2000,Guji,40,60 kg,2021 / 2022,"August 26th, 2022",Natural / Dry,7.67,8.17,8,8.33,8,11.6,8,8,86.17,0,2
14,Colombia,1850,tolima,70,35 kg,2021 / 2022,"November 15th, 2022",Washed / Wet,8.08,8,8.08,7.92,8.08,10.6,8,8,86.17,0,0
15,Taiwan,1100,Chiayi,1,60 kg,2021 / 2022,"November 15th, 2022",Pulped natural / honey,8.17,8.08,8,7.92,8,10.2,7.92,8,86.08,0,0
16,Ethiopia,1900-2100,"Gedeb,Yirgacheffe,Sidamo",8,5 kg,2022,"April 7th, 2023",Washed / Wet,8.17,8.08,7.92,8.17,7.75,11.3,7.92,8.08,86.08,0,2
17,Taiwan,1300,"Shibi, Gukeng Township, Yunlin County 郵遞區號 , Taiwan (R.O.C.)",5,2 kg,2022,"October 24th, 2022",Natural / Dry,8,8.17,8,7.92,7.92,10.3,7.92,8.17,86.08,0,0
18,Taiwan,1200,"Gukeng Township, Yunlin County",8,1 kg,2021 / 2022,"October 24th, 2022",Natural / Dry,8.08,8.17,7.75,7.92,7.83,11,8,8.17,85.92,0,1
19,"Tanzania, United Republic Of",1570-1600,Arusha,200,30 kg,2022 / 2023,"February 1st, 2023",Washed / Wet,8.17,8,7.92,7.92,8.17,10,7.75,7.92,85.83,0,0
20,Guatemala,1900,"Guatemala, Fraijanes, Santa Rosa",8,30 kg,2021 / 2022,"November 15th, 2022",Natural / Dry,8,7.92,8.08,7.92,7.75,11.6,8,8.08,85.75,0,0
21,Taiwan,850,卓溪鄉Zhuoxi Township,1,20 kg,2022,"December 12th, 2022",Natural / Dry,8.08,8,7.92,7.92,8,10.4,7.83,7.92,85.67,0,0
22,Thailand,1500-1700,Chiang Mai,2,1 kg,2021 / 2022,"August 16th, 2022",Pulped natural / honey,7.67,8,7.83,8,8.08,9.8,8,8.08,85.67,0,5
23,Colombia,1350,Quindio,6,5 kg,2022,"April 7th, 2023",,8.08,8,7.83,8.17,7.75,11.3,7.83,8,85.67,0,2
24,Taiwan,1250,Yunlin,4,50 kg,2021 / 2022,"November 15th, 2022",Washed / Wet,7.83,8,7.92,8,8,10.6,7.92,7.92,85.58,0,0
25,Brazil,1250,Região Vulcânica,25,60 kg,2022,"January 6th, 2023",Pulped natural / honey,7.83,8.08,7.83,7.92,8,11.3,7.83,8,85.5,2,3
26,Taiwan,1300,Chiayi,1,100 kg,2021 / 2022,"November 15th, 2022",Natural / Dry,7.92,7.92,8,7.92,7.83,9.1,7.92,8,85.5,0,2
27,Taiwan,1200,Yunlin,1,90 kg,2021 / 2022,"November 15th, 2022",Natural / Dry,8.17,8.08,7.92,8,7.58,10.6,7.83,7.92,85.5,0,0
28,Taiwan,1060,Chiayi,1,85 kg,2021 / 2022,"November 15th, 2022",Natural / Dry,8,8,8,7.92,7.75,10.2,7.92,7.92,85.5,0,0
29,United States (Hawaii),600,Kona,80,15 kg,2021 / 2022,"November 15th, 2022",Washed / Wet,8,7.92,8,7.83,7.67,9.3,8,8,85.42,0,0
30,Taiwan,150-250,壽豐鄉Shoufeng Township,3,48 kg,2022,"December 12th, 2022",Washed / Wet,8,8,7.83,7.83,7.75,11.4,7.92,8.08,85.42,0,0
31,Taiwan,150-250,壽豐鄉Shoufeng Township,3,50 kg,2022,"December 12th, 2022",Washed / Wet,7.92,8,7.83,7.92,7.83,10.8,7.83,8,85.33,0,0
32,Taiwan,668,"Dongshan Dist., Tainan City",4,5 kg,2022,"June 8th, 2022",Washed / Wet,8.08,8.17,7.67,7.83,7.67,11.3,7.92,8,85.33,0,0
33,Ethiopia,1950,Oromia,320,60 kg,2021 / 2022,"June 6th, 2022",Washed / Wet,7.67,7.83,7.83,8,8,9.9,8,8,85.33,0,3
34,Ethiopia,2150 - 2350,Southern Ethiopia Guji,320,60 kg,2021 / 2022,"September 30th, 2022",Natural / Dry,8,8.08,8,8,7.67,12.3,7.75,7.83,85.33,0,4
35,Ethiopia,1700,OROMIA,320,19200 kg,2021 / 2022,"December 12th, 2022",Washed / Wet,7.92,7.75,7.83,8.17,8,9.4,7.75,7.83,85.25,0,1
36,Taiwan,1200,Chiayi,1,100 kg,2021 / 2022,"November 15th, 2022",Washed / Wet,8,7.92,7.83,7.92,7.83,9.5,7.83,7.92,85.25,0,0
37,Taiwan,650,"Dongshan Dist., Tainan City",20,5 kg,2022,"June 8th, 2022",Pulped natural / honey,8.25,8.08,7.83,7.75,7.67,11.3,7.75,7.92,85.25,0,0
38,Kenya,1600-1900,Central,300,60 kg,2022 / 2023,"February 28th, 2023",Washed / Wet,8.17,7.75,7.83,7.58,7.92,9.2,8,8,85.25,0,1
39,Taiwan,850,"Caoling , Gukeng Township, Yunlin County",20,1 kg,2017 / 2018,"October 24th, 2022",Washed / Wet,7.75,7.92,7.75,8,7.83,10.3,7.92,8,85.17,0,0
40,Taiwan,300-500,秀林鄉Show Linxia Township,1,10 kg,2022,"December 12th, 2022",Natural / Dry,8,7.92,7.83,7.92,7.75,10,7.75,7.92,85.08,0,0
41,Taiwan,1000,台灣屏東,1,2 kg,2021 / 2022,"December 30th, 2022",Washed / Wet,8,8.08,7.67,7.75,7.92,10.5,7.83,7.83,85.08,0,0
42,Taiwan,800,苗栗縣,1,50 kg,2021 / 2022,"January 6th, 2023",Washed / Wet,8,7.92,7.67,8,7.75,10,7.83,7.92,85.08,0,5
43,Uganda,1905,Rwenzori,320,60 kg,2021 / 2022,"June 29th, 2022",Washed / Wet,8,7.92,7.75,7.75,7.75,11,7.92,7.92,85,0,1
44,Taiwan,150,壽豐鄉Shoufeng Township,1,50 kg,2021 / 2022,"December 12th, 2022",,7.92,8,7.92,8,7.58,10.9,7.75,7.83,85,0,0
45,Taiwan,800,Yunlin,6,50 kg,2021 / 2022,"November 15th, 2022",Natural / Dry,8.17,8.08,7.83,7.67,7.67,10.1,7.75,7.83,85,0,0
46,Guatemala,1600,Antigua,600,30 kg,2022 / 2023,"April 17th, 2023",Washed / Wet,7.67,8.08,7.67,8,7.92,9.9,7.83,7.83,85,0,1
47,Guatemala,4700,Santa Rosa,632,30 kg,2022 / 2023,"February 23rd, 2023",Washed / Wet,7.67,8,7.75,7.92,8,11.3,7.83,7.83,85,0,4
48,Guatemala,1600,quiche,275,69 kg,2021 / 2022,"June 22nd, 2022",Washed / Wet,7.83,7.92,7.75,8,7.75,11.7,7.75,7.92,84.92,0,1
49,Taiwan,350-400,新竹縣,1,13 kg,2021 / 2022,"January 6th, 2023",Washed / Wet,7.92,7.92,7.83,7.83,7.75,9.5,7.83,7.83,84.92,0,2
50,Taiwan,230,新竹縣,1,4 kg,2021 / 2022,"January 6th, 2023",Natural / Dry,8,8,7.75,7.75,7.67,9.7,7.75,7.92,84.83,0,0
51,Indonesia,1200,Aceh Tengah,320,60 kg,2022,"September 23rd, 2022",,7.83,7.92,7.75,7.83,7.83,11.9,7.83,7.83,84.83,0,2
52,Peru,1750,Villa Rica,3,5 kg,2022,"November 15th, 2022",Washed / Wet,8,8,7.83,7.83,7.58,10.7,7.83,7.75,84.83,0,0
53,"Tanzania, United Republic Of",1654,Mbeya,620,30 kg,2022 / 2023,"November 9th, 2022",Washed / Wet,7.92,7.75,7.75,7.92,7.83,11.2,7.83,7.83,84.83,0,0
54,Taiwan,1300,Chiayi,1,25 kg,2021 / 2022,"November 15th, 2022",Natural / Dry,7.83,7.83,7.67,7.67,7.83,9.5,8,8,84.83,0,0
55,Taiwan,1400,Nantou,1,30 kg,2021 / 2022,"November 15th, 2022",Washed / Wet,7.67,7.92,7.92,7.83,7.75,10.4,7.83,7.83,84.75,0,0
56,Brazil,1100,Campo das Vertentes,5,36 kg,2022,"February 13th, 2023",Double Carbonic Maceration / Natural,7.83,7.92,7.75,7.92,7.67,11.2,7.83,7.83,84.75,0,5
57,Panama,1200,Boquete,200,30 kg,2022 / 2023,"April 26th, 2023",Washed / Wet,7.83,7.83,7.75,7.92,7.83,10.3,7.75,7.83,84.75,0,5
58,Taiwan,1200,台灣屏東,1,2 kg,2021 / 2022,"December 30th, 2022",Pulped natural / honey,7.92,8.08,7.67,7.92,7.67,10,7.75,7.75,84.75,0,0
59,Guatemala,1600,Huehuetenango,600,30 kg,2022 / 2023,"April 28th, 2023",Washed / Wet,7.67,8,7.67,7.83,7.92,10.6,7.67,7.92,84.67,0,1
60,Guatemala,4895,ANTIGUA GUATEMALA,66,30 kg,2021 / 2022,"May 19th, 2022",Natural / Dry,7.83,8,7.67,7.83,7.75,10.9,7.75,7.83,84.67,0,2
61,Costa Rica,1850,Tarrazu,260,69 kg,2022 / 2023,"April 19th, 2023",Washed / Wet,7.58,7.83,7.5,7.67,7.83,10,7.67,8.58,84.67,0,2
62,Taiwan,200-300,新竹縣,1,16 kg,2021 / 2022,"January 6th, 2023",Pulped natural / honey,7.83,7.83,7.75,7.75,7.75,9.6,7.75,7.92,84.58,0,0
63,Taiwan,700,"( Dongshan Dist., Tainan City)",16,5 kg,2022,"June 8th, 2022",Pulped natural / honey,8.17,7.83,7.67,7.83,7.67,11.5,7.67,7.75,84.58,0,0
64,Nicaragua,1350,ESTELI,74,45 kg,2021 / 2022,"June 9th, 2022",Natural / Dry,7.92,7.75,7.67,7.67,7.83,9.9,7.75,8,84.58,1,2
65,Taiwan,1250,Chiayi,1,80 kg,2021 / 2022,"November 15th, 2022",Washed / Wet,8.08,7.83,7.67,7.67,7.67,11.2,7.75,7.92,84.58,0,2
66,Taiwan,1450,Chiayi,1,104 kg,2021 / 2022,"November 15th, 2022",Natural / Dry,7.83,8,7.67,7.75,7.67,10.3,7.75,7.92,84.58,0,0
67,Vietnam,650,Quang Tri,3,5 kg,2021 / 2022,"November 15th, 2022",Natural / Dry,8,7.83,7.75,7.67,7.58,11.6,7.83,7.92,84.58,0,0
68,Costa Rica,1900,"Los Santos,Tarrazu",1,22 kg,2022,"October 4th, 2022",Washed / Wet,7.75,7.83,7.67,7.83,7.75,11.7,7.75,7.92,84.5,0,0
69,Taiwan,520,苗栗縣,1,300 kg,2021 / 2022,"January 6th, 2023",Pulped natural / honey,7.75,7.92,7.83,7.75,7.75,11.3,7.75,7.75,84.5,0,0
70,Honduras,1368,"Centro, Lagunetillas-Ajuterique, Comayagua",340,69 kg,2022 / 2023,"April 25th, 2023",Washed / Wet,7.83,7.92,7.75,7.75,7.75,9.8,7.75,7.75,84.5,0,3
71,Ethiopia,1943,Ethiopia,584,30 kg,2021 / 2022,"August 23rd, 2022",Washed / Wet,7.92,7.83,7.75,7.92,7.58,10.9,7.67,7.83,84.5,0,9
72,Taiwan,400,玉里鎮Yuli Township,1,20 kg,2021 / 2022,"December 12th, 2022",Natural / Dry,8.08,7.92,7.75,7.83,7.5,10.2,7.58,7.83,84.5,0,0
73,Taiwan,850,Yunlin,1,100 kg,2021 / 2022,"November 15th, 2022",Washed / Wet,7.83,8,7.5,7.75,7.75,10.1,7.75,7.83,84.42,0,1
74,Guatemala,1300-1400,Huehuetenango,600,30 kg,2022 / 2023,"April 26th, 2023",Washed / Wet,7.67,7.83,7.75,7.75,7.83,9.2,7.75,7.75,84.33,0,5
75,United States (Hawaii),1300,Ka'u district of Big Island,10,10 kg,2022,"November 9th, 2022",Washed / Wet,7.92,7.83,7.75,7.92,7.5,10.1,7.67,7.75,84.33,3,7
76,Ethiopia,2361,Addis Ababa,320,60 kg,2021 / 2022,"September 19th, 2022",Natural / Dry,7.83,7.75,7.58,7.92,8,11,7.5,7.75,84.33,0,4
77,El Salvador,1500,Chalatenango,20,30 kg,2021,"November 15th, 2022",Pulped natural / honey,7.83,7.83,7.83,7.83,7.67,10.3,7.67,7.67,84.33,0,4
78,Colombia,2100,Sierra Nevada de Santa Marta,275,70 kg,2021 / 2022,"May 11th, 2022",Washed / Wet,7.75,7.75,7.75,7.75,7.83,11.6,7.67,7.83,84.33,0,1
79,Indonesia,1250-1350,"Lintong Nihuta/Dolok Sanggul,Sumatera Utara",1,60 kg,2022,"September 21st, 2022",Wet Hulling,7.67,7.67,7.83,7.83,7.67,11.5,7.75,7.83,84.25,0,1
80,Guatemala,1600,Atitlán,55,30 kg,2022 / 2023,"April 17th, 2023",Washed / Wet,7.58,7.92,7.67,7.75,7.83,10,7.75,7.75,84.25,0,1
81,Madagascar,1500,Itasy,5,60 kg,2022,"December 12th, 2022",Washed / Wet,7.92,7.92,7.58,7.75,7.58,12.1,7.67,7.83,84.25,0,0
82,Honduras,1368,"Centro, Lagunetillas-Ajuterique, Comayagua",345,30 kg,2022 / 2023,"April 25th, 2023",Washed / Wet,7.75,7.75,7.58,7.83,7.75,10.2,7.75,7.75,84.17,0,2
83,Guatemala,1600,quiche,275,69 kg,2021 / 2022,"May 19th, 2022",Washed / Wet,7.58,7.92,7.58,7.83,7.75,11,7.67,7.75,84.08,0,2
84,Taiwan,150,新北市,1,110 kg,2021 / 2022,"January 6th, 2023",Pulped natural / honey,7.83,7.92,7.83,7.58,7.58,10.8,7.67,7.67,84.08,0,2
85,Taiwan,800,Yunlin,1,80 kg,2021 / 2022,"November 15th, 2022",Natural / Dry,7.92,7.75,7.67,7.75,7.75,10.6,8,7.92,84.08,0,0
86,Guatemala,1500-1600,Oriente Santa rosa,430,30 kg,2022 / 2023,"March 22nd, 2023",Washed / Wet,7.67,7.83,7.67,7.83,7.75,11,7.67,7.67,84.08,0,2
87,Guatemala,1500-1600,Sierra de las minas,200,30 kg,2022 / 2023,"March 22nd, 2023",Washed / Wet,7.67,7.92,7.67,7.75,7.67,11,7.58,7.75,84,0,2
88,Honduras,1800,"San Andrés, Lempira",16,30 kg,2021 / 2022,"November 15th, 2022",Pulped natural / honey,7.75,7.75,7.75,7.67,7.75,9.4,7.67,7.67,84,0,0
89,"Tanzania, United Republic Of",1600-1750,ARUSHA,200,60 kg,2022 / 2023,"January 3rd, 2023",Washed / Wet,7.58,7.67,7.75,7.75,7.75,9.8,7.75,7.75,84,0,3
90,Ethiopia,1800,Sidama,300,60 kg,2021 / 2022,"November 18th, 2022",Washed / Wet,8,7.75,7.5,7.67,7.67,11.3,7.67,7.75,84,1,1
91,"Tanzania, United Republic Of",1400-1700,KILIMANJARO,320,60 kg,2022 / 2023,"November 21st, 2022",Washed / Wet,7.75,7.58,7.58,7.92,7.67,11.6,7.75,7.75,84,0,2
92,Colombia,1400-1700,Huila,275,70 kg,2022,"July 27th, 2022",Washed / Wet,7.67,7.83,7.58,7.92,7.67,13.3,7.67,7.67,84,0,3
93,Costa Rica,1850,Tarrazu,250,35 kg,2022 / 2023,"April 19th, 2023",Washed / Wet,7.67,7.92,7.58,7.75,7.67,9.5,7.58,7.75,83.92,0,2
94,Guatemala,1900,New Oriente,1,15 kg,2021,"November 15th, 2022",Natural / Dry,7.83,7.83,7.58,7.67,7.67,11.9,7.58,7.75,83.92,0,0
95,Guatemala,1600,Atitlán,35,30 kg,2022 / 2023,"April 17th, 2023",Washed / Wet,7.58,7.83,7.58,7.75,7.67,10,7.75,7.75,83.92,0,2
96,Thailand,1300-1400,Nan,1,30 kg,2022,"September 21st, 2022",Natural / Dry,7.75,7.67,7.58,7.75,7.75,11.6,7.67,7.75,83.92,0,3
97,Colombia,1411,Pereira,375,70 kg,2022 / 2023,"April 17th, 2023",Washed / Wet,7.67,7.75,7.67,7.75,7.67,11.9,7.67,7.67,83.83,0,1
98,Guatemala,1400,HUEHUETENANGO,600,30 kg,2021 / 2022,"May 13th, 2022",Natural / Dry,7.58,7.83,7.67,7.67,7.67,10.8,7.67,7.75,83.83,0,4
99,Guatemala,4895 A 5650,ANTIGUA GUATEMALA,635,30 kg,2021 / 2022,"May 19th, 2022",Washed / Wet,7.58,7.92,7.5,7.67,7.75,10.9,7.67,7.75,83.83,0,4
100,Ethiopia,2000,Sidama,100,60 kg,2021 / 2022,"September 9th, 2022",Washed / Wet,7.83,7.67,7.5,7.92,7.5,12,7.67,7.75,83.83,0,12
101,Colombia,1700,Cauca,285,70 kg,2022 / 2023,"February 22nd, 2023",Washed / Wet,7.92,7.75,7.42,7.58,7.92,12.1,7.67,7.58,83.83,2,5
102,United States (Hawaii),400-600,Ka'u,4,15 kg,2022,"November 15th, 2022",Washed / Wet,7.67,7.92,7.58,7.58,7.58,11.8,7.75,7.75,83.83,0,3
103,Colombia,1800,Tolima,40,35 kg,2022,"November 15th, 2022",Pulped natural / honey,7.67,7.92,7.67,7.58,7.67,10.6,7.67,7.58,83.75,0,1
104,Mexico,1200,Chiapas,600,30 kg,2022 / 2023,"April 5th, 2023",Washed / Wet,7.67,7.67,7.58,7.67,7.83,11.7,7.58,7.75,83.75,4,12
105,Colombia,,,1,1 kg,2022,"September 26th, 2022",,7.83,7.75,7.5,7.58,7.67,12.4,7.67,7.67,83.67,1,9
106,Taiwan,1250,"Caoling , Gukeng Township, Yunlin County",50,2 kg,2022,"October 24th, 2022",Washed / Wet,7.67,7.67,7.75,7.75,7.5,10,7.67,7.67,83.67,0,0
107,Myanmar,1400,South Shan State,100,30 kg,2022,"November 15th, 2022",Natural / Dry,7.83,7.83,7.67,7.58,7.58,10.2,7.58,7.58,83.67,0,1
108,Taiwan,200-400,新竹縣,1,13 kg,2021 / 2022,"January 6th, 2023",Pulped natural / honey,7.58,7.75,7.67,7.83,7.5,9.2,7.67,7.67,83.67,0,0
109,Honduras,1470,"San Jose, La Paz",9,15 kg,2021,"November 15th, 2022",Natural / Dry,7.67,7.67,7.58,7.75,7.67,11.1,7.67,7.67,83.67,0,1
110,Taiwan,250-400,新竹縣,1,10 kg,2021 / 2022,"January 6th, 2023",Natural / Dry,7.58,7.67,7.5,7.75,7.75,8.4,7.67,7.67,83.58,0,0
111,Taiwan,250-300,新竹縣,1,10 kg,2021 / 2022,"January 6th, 2023",Pulped natural / honey,7.58,7.75,7.58,7.75,7.58,9.1,7.67,7.67,83.58,0,0
112,Guatemala,1600,QUICHE,275,69 kg,2021 / 2022,"May 19th, 2022",Washed / Wet,7.58,7.83,7.58,7.67,7.58,10.9,7.58,7.75,83.58,0,4
113,Honduras,1400,Marcala,260,69 kg,2021 / 2022,"August 17th, 2022",Washed / Wet,7.75,7.67,7.58,7.58,7.58,11.2,7.67,7.67,83.5,0,5
114,Colombia,1700,Popayán Cauca,600,30 kg,2022,"January 18th, 2023",Washed / Wet,7.75,7.75,7.5,7.58,7.83,12.2,7.5,7.58,83.5,0,2
115,Thailand,1200 - 1580,North of Thailand,2,1 kg,2022,"July 14th, 2022",Washed / Wet,7.42,7.83,7.58,7.67,7.67,13.1,7.75,7.58,83.5,0,0
116,Ethiopia,1700,OROMIA,320,19200 kg,2021 / 2022,"November 30th, 2022",Washed / Wet,7.42,7.42,7.42,8,7.92,10.4,7.67,7.67,83.5,0,11
117,Thailand,1450,Suan Ya Lung,5,2 kg,2022,"June 16th, 2022",Washed / Wet,7.67,7.67,7.5,7.67,7.58,11.6,7.67,7.67,83.42,0,0
118,Uganda,1400 - 1900,Mt Elgon,150,60 kg,2021 / 2022,"July 7th, 2022",Washed / Wet,7.75,7.75,7.5,7.5,7.58,10.1,7.58,7.75,83.42,0,3
119,Taiwan,1100,Chiayi,1,40 kg,2021 / 2022,"November 15th, 2022",Washed / Wet,7.75,7.92,7.67,7.92,7.75,10.1,7.83,7.92,83.42,0,0
120,Uganda,1905,Rwenzori,320,60 kg,2021 / 2022,"September 1st, 2022",Washed / Wet,7.75,7.67,7.58,7.5,7.67,11.1,7.5,7.67,83.33,0,5
121,Taiwan,200-300,新竹縣,1,8 kg,2021 / 2022,"January 6th, 2023",Pulped natural / honey,7.58,7.67,7.5,7.75,7.5,9.7,7.58,7.75,83.33,0,0
122,Guatemala,1280-1325,NEW ORIENTE & HUEHUETENANGO,320,60 kg,2021,"December 30th, 2022",Washed / Wet,7.5,7.75,7.58,7.75,7.67,11.4,7.58,7.5,83.33,0,0
123,Taiwan,300,桃園市,1,80 kg,2021 / 2022,"January 6th, 2023",Washed / Wet,7.58,7.67,7.58,7.75,7.42,9.6,7.58,7.75,83.33,0,1
124,Colombia,1100,Sierra Nevada de Santa Marta,2,1 kg,2021 / 2022,"September 30th, 2022",Washed / Wet,7.67,7.67,7.42,7.75,7.5,13.5,7.75,7.58,83.33,0,0
125,Costa Rica,1850,Tarrazu,320,69 kg,2022 / 2023,"April 19th, 2023",Washed / Wet,7.58,7.75,7.42,7.67,7.5,0,7.75,7.67,83.33,0,3
126,Taiwan,750,Yunlin,1,100 kg,2021 / 2022,"November 15th, 2022",Washed / Wet,7.75,7.83,7.58,7.58,7.58,10.7,7.5,7.5,83.33,0,1
127,Thailand,1300-1500,North of Thailand,2,1 kg,2022,"July 14th, 2022",Washed / Wet,7.92,7.92,7.75,7.33,7.58,12.3,7.5,7.33,83.33,0,16
128,"Tanzania, United Republic Of",1400-1700,KILIMANJARO,320,60 kg,2022 / 2023,"January 3rd, 2023",Washed / Wet,7.92,7.67,7.42,7.5,7.67,10.4,7.58,7.5,83.25,0,8
129,Brazil,950,Sul de Minas,960,60 kg,2022 / 2023,"February 13th, 2023",Natural / Dry,7.58,7.5,7.5,7.83,7.67,11.6,7.5,7.67,83.25,0,4
130,Taiwan,1100-1200,苗栗縣,1,320 kg,2021 / 2022,"January 6th, 2023",Washed / Wet,7.75,7.75,7.58,7.67,7.42,9.6,7.5,7.58,83.25,0,1
131,Colombia,1390,Quindio,2,12 kg,2022,"April 7th, 2023",Anaerobico 1000h,7.67,7.67,7.58,7.67,7.58,10.9,7.58,7.5,83.25,0,2
132,Honduras,1600,"Marcala, La Paz",9,15 kg,2021,"November 15th, 2022",Washed / Wet,7.67,7.75,7.67,7.58,7.5,10.5,7.58,7.5,83.25,0,3
133,Honduras,1400,Marcala,260,69 kg,2021 / 2022,"August 17th, 2022",Washed / Wet,7.75,7.58,7.58,7.58,7.5,11.3,7.58,7.67,83.25,0,5
134,Taiwan,200-300,新竹縣,1,16 kg,2021 / 2022,"January 6th, 2023",Natural / Dry,7.75,7.75,7.5,7.75,7.5,9.7,7.42,7.5,83.17,0,2
135,Taiwan,340,苗栗縣,1,100 kg,2021 / 2022,"January 6th, 2023",Washed / Wet,7.67,7.67,7.5,7.58,7.58,11.8,7.5,7.67,83.17,0,0
136,Laos,1200 - 1300,"Nongluang Bolaven Plateau, Champasack, Lao PDR",26,60 kg,2022,"December 30th, 2022",Natural / Dry,7.67,7.75,7.33,7.67,7.58,11.8,7.5,7.58,83.08,0,7
137,Honduras,1368,"Centro, Lagunetillas - Ajuterique, Comayagua",250,69 kg,2021 / 2022,"May 23rd, 2022",Washed / Wet,7.67,7.67,7.5,7.58,7.58,10.6,7.5,7.58,83.08,0,7
138,Honduras,1450,"Los Planes de Santa Maria, La Paz",325,69 kg,2022 / 2023,"April 25th, 2023",Washed / Wet,7.75,7.58,7.58,7.58,7.58,9.6,7.5,7.5,83.08,0,2
139,Colombia,1650,HUILA,600,30 kg,2022 / 2023,"January 13th, 2023",Washed / Wet,8,7.67,7.42,7.58,7.58,13.1,7.42,7.33,83,0,1
140,Taiwan,250-300,新竹縣,1,12 kg,2021 / 2022,"January 6th, 2023",Pulped natural / honey,7.5,7.67,7.58,7.58,7.5,8.9,7.5,7.58,82.92,0,0
141,Mexico,1350,"ZONGOLICA, VERACRUZ",141,69 kg,2021 / 2022,"August 11th, 2022",Washed / Wet,7.75,7.5,7.42,7.67,7.58,11.9,7.5,7.5,82.92,2,1
142,Colombia,1350,Quindio,1,12 kg,2021 / 2022,"June 16th, 2022",Washed / Wet,7.58,7.5,7.5,7.67,7.58,11.5,7.5,7.58,82.92,0,3
143,Taiwan,1200,"Shibi, Gukeng Township, Yunlin County 郵遞區號 , Taiwan (R.O.C.)",300,1 kg,2022,"October 24th, 2022",,7.67,7.5,7.42,7.75,7.42,10.2,7.58,7.58,82.92,0,0
144,Honduras,1280,Marcala,275,69 kg,2022 / 2023,"April 24th, 2023",Washed / Wet,7.67,7.58,7.5,7.5,7.58,10,7.5,7.5,82.83,0,4
145,Thailand,1300-1500,North of Thailand,2,1 kg,2022,"July 14th, 2022",Washed / Wet,7.17,7.92,7.58,7.5,7.58,11.8,7.67,7.42,82.83,0,5
146,Vietnam,900,"Eatan Commune, Krong Nang District, Krong Nang Province",22,60 kg,2021 / 2022,"June 3rd, 2022",Pulped natural / honey,7.58,7.42,7.58,7.5,7.67,13.3,7.75,7.33,82.83,0,4
147,Nicaragua,1200,Matagalpa,275,69 kg,2022 / 2023,"January 30th, 2023",Natural / Dry,7.33,7.58,7.25,7.33,7.75,10.5,8.17,7.33,82.75,5,1
148,Costa Rica,1450,west Villege,10,30 kg,2021,"November 15th, 2022",Pulped natural / honey,7.33,7.5,7.25,7.92,7.75,11.8,7.58,7.42,82.75,0,1
149,Colombia,1700,Huila,250,70 kg,2022,"July 11th, 2022",Washed / Wet,7.58,7.67,7.58,7.5,7.33,11.8,7.5,7.5,82.67,0,2
150,Thailand,1200 - 1580,North of Thailand,2,1 kg,2022,"July 14th, 2022",Washed / Wet,7.33,7.58,7.58,7.5,7.67,13,7.67,7.33,82.67,1,0
151,Thailand,1200,Chiang Mai,6,50 kg,2021 / 2022,"June 14th, 2022",Natural / Dry,7.5,7.58,7.5,7.42,7.5,11.2,7.58,7.58,82.67,0,0
152,Honduras,1450,los planes de santa maria la paz,325,69 kg,2022 / 2023,"April 25th, 2023",Washed / Wet,7.67,7.58,7.33,7.5,7.58,9.6,7.5,7.5,82.67,0,2
153,Taiwan,165,苗栗縣,1,4 kg,2021 / 2022,"January 6th, 2023",Natural / Dry,7.67,7.67,7.42,7.42,7.42,9.8,7.5,7.5,82.58,0,0
154,Taiwan,465,苗栗縣,1,32 kg,2021 / 2022,"January 6th, 2023",Washed / Wet,7.67,7.58,7.42,7.42,7.5,8.4,7.5,7.5,82.58,0,2
155,Nicaragua,1350,ESTELI,120,45 kg,2021 / 2022,"June 20th, 2022",Washed / Wet,7.5,7.58,7.42,7.58,7.5,10.1,7.58,7.42,82.58,0,0
156,El Salvador,1200,Apaneca - Ilamatepec,600,30 kg,2022 / 2023,"March 3rd, 2023",Washed / Wet,7.67,7.33,7.17,7.67,7.83,11.3,7.5,7.33,82.5,0,2
157,Panama,1200,Boquete,200,30 kg,2021 / 2022,"May 25th, 2022",Washed / Wet,7.75,7.67,7.17,7.67,7.42,10,7.42,7.42,82.5,0,0
158,Brazil,1100,MANTIQUEIRA / SUL DE MINAS,620,30 kg,2022 / 2023,"November 3rd, 2022",Natural / Dry,7.5,7.58,7.5,7.5,7.67,11.8,7.42,7.33,82.5,0,1
159,United States (Hawaii),640,Kona,4,15 kg,2022,"November 15th, 2022",Washed / Wet,7.33,7.58,7.5,7.5,7.5,11.7,7.58,7.5,82.5,0,1
160,Mexico,1340,Veracruz,10,15 kg,2021,"November 15th, 2022",Washed / Wet,7.67,7.42,7.5,7.5,7.67,10.7,7.42,7.33,82.5,0,0
161,Honduras,1368,"Centro, Lagunetillas - Ajuterique, Comayagua",345,30 kg,2021 / 2022,"May 23rd, 2022",Washed / Wet,7.58,7.58,7.33,7.5,7.58,10.6,7.42,7.5,82.5,0,8
162,Taiwan,139,新竹縣,1,200 kg,2021 / 2022,"January 6th, 2023",Washed / Wet,7.42,7.42,7.58,7.42,7.58,8.4,7.5,7.58,82.5,0,2
163,Nicaragua,1200-1350,"Matagalpa, Nicaragua",275,69 kg,2021 / 2022,"December 30th, 2022",Washed / Wet,7.58,7.58,7.42,7.42,7.5,11.4,7.5,7.42,82.42,0,0
164,Vietnam,1040,Dalat,77,15 kg,2021,"June 1st, 2022",Washed / Wet,7.5,7.5,7.33,7.5,7.5,10.5,7.42,7.58,82.33,0,0
165,El Salvador,1200,Apaneca - Ilamatepec,600,30 kg,2022 / 2023,"February 21st, 2023",Washed / Wet,7.5,7.5,7.42,7.42,7.42,12,7.67,7.42,82.33,0,10
166,El Salvador,1200,Apaneca - Ilamatepec,275,69 kg,2021 / 2022,"July 7th, 2022",Washed / Wet,7.33,7.67,7.25,7.67,7.83,11.8,7.42,7.17,82.33,0,0
167,Taiwan,140,新竹縣,1,5 kg,2021 / 2022,"January 6th, 2023",Natural / Dry,7.67,7.58,7.42,7.5,7.33,10.8,7.42,7.42,82.33,0,1
168,Peru,1600,"Chanchamayo, La Merced",275,69 kg,2022 / 2023,"July 11th, 2022",Washed / Wet,7.67,7.5,7.33,7.58,7.33,11.7,7.42,7.42,82.25,0,3
169,United States (Hawaii),1200,Kona district of Big Island,3,30 kg,2022,"November 9th, 2022",Washed / Wet,7.75,7.42,7.33,7.5,7.33,10.6,7.5,7.33,82.17,1,5
170,Kenya,1500-1950,Kericho,13,5 kg,2022,"April 7th, 2023",Washed / Wet,7.5,7.5,7.42,7.5,7.25,11.2,7.5,7.5,82.17,0,2
171,Honduras,1368,"Centro, Lagunetillas - Ajuterique, Comayagua",125,69 kg,2021 / 2022,"May 23rd, 2022",Washed / Wet,7.67,7.5,7.25,7.5,7.5,10.6,7.33,7.42,82.17,0,8
172,Taiwan,600,桃園市,1,3 kg,2021 / 2022,"January 6th, 2023",Washed / Wet,7.5,7.67,7.33,7.5,7.25,9.7,7.33,7.5,82.08,0,0
173,Taiwan,460,苗栗縣,1,60 kg,2021 / 2022,"January 6th, 2023",Pulped natural / honey,7.33,7.42,7.42,7.5,7.42,8.1,7.5,7.5,82.08,0,3
174,Taiwan,500,桃園市,1,20 kg,2021 / 2022,"January 6th, 2023",Washed / Wet,7.5,7.58,7.42,7.42,7.25,8.2,7.42,7.42,82,0,1
175,Thailand,800-1200,North of Thailand,2,1 kg,2022,"July 14th, 2022",Washed / Wet,7.17,7.5,7.42,7.42,7.58,9.8,7.5,7.42,82,0,0
176,Costa Rica,1500,Corralillo Tarrazu,500,30 kg,2018 / 2019,"March 29th, 2023",Washed / Wet,7.42,7.42,7.42,7.33,7.58,10.5,7.33,7.5,82,1,8
177,Guatemala,1350-1550,Oriente,275,69 kg,2021 / 2022,"November 28th, 2022",Washed / Wet,7.42,7.42,7.42,7.33,7.5,11.5,7.42,7.5,82,0,2
178,Indonesia,1350,Sumatra,320,60 kg,2022,"August 22nd, 2022",Pulped natural / honey,7.67,7.33,7.25,7.67,7.42,12.5,7.25,7.42,82,0,0
179,Peru,1600,"Chanchamayo, La Merced",275,69 kg,2022 / 2023,"July 11th, 2022",Washed / Wet,7.5,7.5,7.33,7.5,7.33,11.6,7.33,7.42,81.92,0,2
180,Guatemala,1200~1600,Antigua,540,30 kg,2022,"November 3rd, 2022",Washed / Wet,7.33,7.42,7.33,7.42,7.58,10.3,7.42,7.42,81.92,0,1
181,Taiwan,300,桃園市,1,6 kg,2021 / 2022,"January 6th, 2023",Pulped natural / honey,7.25,7.42,7.42,7.5,7.42,11.3,7.42,7.42,81.83,0,0
182,Vietnam,5400,Lam Dong Province,1,1 kg,2022 / 2023,"April 10th, 2023",Pulped natural / honey,7.5,7.5,7.25,7.42,7.42,11.2,7.42,7.33,81.83,0,4
183,Brazil,1000,Mantiquira de minas,14,5 kg,2022,"April 7th, 2023",Pulped natural / honey,7.5,7.5,7.42,7.33,7.33,11.3,7.33,7.42,81.83,0,2
184,Brazil,900-1000,Sul de Minas,325,59 kg,2021,"December 30th, 2022",Natural / Dry,7.42,7.5,7.58,7.33,7.33,11.1,7.25,7.33,81.75,0,0
185,Colombia,1574,Santander,275,70 kg,2021,"December 30th, 2022",Washed / Wet,7.33,7.5,7.33,7.42,7.42,11.2,7.42,7.33,81.75,0,0
186,Mexico,1200,"Coatepec, Veracruz",32,69 kg,2021 / 2022,"August 11th, 2022",Washed / Wet,7.58,7.42,7.25,7.25,7.5,11.8,7.33,7.33,81.67,2,2
187,Costa Rica,1200,occidente,100,69 kg,2022 / 2023,"March 29th, 2023",Washed / Wet,7.33,7.42,7.25,7.42,7.42,9.7,7.33,7.42,81.58,0,4
188,Taiwan,300,新北市,1,100 kg,2021 / 2022,"January 6th, 2023",Pulped natural / honey,7.42,7.5,7.33,7.33,7.33,9,7.33,7.33,81.58,0,0
189,Taiwan,435,臺北市,1,8 kg,2021 / 2022,"January 6th, 2023",Pulped natural / honey,7.33,7.5,7.42,7.33,7.33,8.5,7.25,7.33,81.5,0,0
190,Thailand,1300-1500,North of Thailand,2,1 kg,2022,"July 14th, 2022",Washed / Wet,7.33,7.42,7.25,7.33,7.5,11.6,7.42,7.17,81.42,2,1
191,Thailand,1400,Chiang Rai,5,15 kg,2021,"November 15th, 2022",Natural / Dry,7.42,7.25,7.33,7.42,7.33,10.5,7.33,7.25,81.33,0,5
192,Thailand,600-800,North of Thailand,2,1 kg,2022,"July 14th, 2022",Washed / Wet,7.25,7.25,7.42,7.25,7.42,10.4,7.42,7.17,81.17,0,0
193,Colombia,1300-1800,Cauca,1,30 kg,2021 / 2022,"December 22nd, 2022",Washed / Wet,7.42,7.25,7.25,7.42,7.17,11.4,7.33,7.33,81.17,0,2
194,Brazil,1200,Alta Mogiana-Ibiraci,440,60 kg,2022 / 2023,"April 17th, 2023",Natural / Dry,7.42,7.42,7.25,7.25,7.17,10.6,7.25,7.25,81,0,1
195,El Salvador,1400,"Volcan Chinchontepek, San Vicente, El Salvador",1,2 kg,2023,"March 8th, 2023",Natural / Dry,7.42,7.33,7.33,7.5,7.08,10.5,7,7.17,80.83,0,7
196,Nicaragua,1100,,275,69 kg,2021,"July 11th, 2022",Washed / Wet,7.25,7.25,7.17,7.33,7.08,11.5,7.25,7.17,80.5,0,3
197,Nicaragua,1000,Jinotega,275,69 kg,2022 / 2023,"April 20th, 2023",Washed / Wet,7.42,7.17,7,7.08,7.42,11.2,7.17,7.17,80.42,0,5
198,Colombia,1600,"Caicedonia,Valle del Cauca",3,10 kg,2022,"March 6th, 2023",Washed / Wet,7.25,7.25,7.17,7.33,7,11,7.17,7.25,80.42,0,3
199,Peru,1600,"Chanchamayo, Lamerced",275,69 kg,2022 / 2023,"June 10th, 2022",Washed / Wet,7.5,7.25,7.17,7.17,7.17,11.8,7.08,7,80.33,0,11
200,El Salvador,1300,"Volcan Chinchontepek, San Vicente, El Salvador",1,2 kg,2023,"March 8th, 2023",Natural / Dry,7.08,7.25,7.08,7.42,7.42,11.5,7.08,7,80.33,0,7
201,Brazil,1200,Alta Mogiana-Ibiraci,440,60 kg,2021 / 2022,"July 20th, 2022",Natural / Dry,7.25,7.17,7.17,7.08,7.17,11.6,7.17,7.17,80.17,0,2
202,Brazil,950,Sul de Minas,2240,60 kg,2022 / 2023,"February 2nd, 2023",Natural / Dry,7.17,7.17,6.92,7.17,7.42,11.4,7.17,7.08,80.08,0,4
203,Nicaragua,1200,Matagalpa,300,30 kg,2022 / 2023,"March 3rd, 2023",Natural / Dry,7.33,7.08,6.75,7.17,7.42,10.4,7.17,7.08,80,0,12
204,Laos,1300,Bolaven Plateau,343,60 kg,2021 / 2022,"November 11th, 2022",Washed / Wet,7.25,7.17,7.08,7,7.08,11.6,7.08,7,79.67,0,11
205,El Salvador,1200,"Volcan de San Vicente, La Paz, El Salvador",1,2 kg,2023,"March 8th, 2023",Natural / Dry,6.5,6.75,6.75,7.17,7.08,11,7,6.83,78.08,0,13
206,Brazil,850-1100,Minas Gerais,600,60 kg,2021 / 2022,"November 18th, 2022",SEMI-LAVADO,7.25,7.08,6.67,6.83,6.83,11.3,6.67,6.67,78,0,1
